"address","zipCode","city","state","price","bed","bath","sqft","pricePerSf","lotArea","lotAreaType","dateSold","dateSoldNumeric","zillowUrl","latitude","longitude","homeType","zestimate","rentZestimate","imageUrl"
"265 Green Heath Pl, Thousand Oaks, CA 91361","91361","Thousand Oaks","CA","670000","3","3","1355","494.46","4356","sqft","9/4/2024","1725433200000","https://zillow.com/homedetails/265-Green-Heath-Pl-Thousand-Oaks-CA-91361/16484715_zpid/","34.175262","-118.882965","TOWNHOUSE","665100","3992","https://photos.zillowstatic.com/fp/353f620b1323eade15c8179fc7aea6df-p_e.jpg"
"2387 Leeward Cir, Westlake Village, CA 91361","91361","Westlake Village","CA","2075000","3","2","1641","1264.47","5375","sqft","8/30/2024","1725001200000","https://zillow.com/homedetails/2387-Leeward-Cir-Westlake-Village-CA-91361/16493548_zpid/","34.142345","-118.83285","SINGLE_FAMILY","2075100","5434","https://photos.zillowstatic.com/fp/343509d0466eaacae827aaf28bbbacd5-p_e.jpg"
"32050 Grenville Ct, Westlake Village, CA 91361","91361","Westlake Village","CA","1321000","4","2","1737","760.51","9159","sqft","8/30/2024","1725001200000","https://zillow.com/homedetails/32050-Grenville-Ct-Westlake-Village-CA-91361/19892878_zpid/","34.142902","-118.82061","SINGLE_FAMILY","1321000","6519","https://photos.zillowstatic.com/fp/88976ba928f041c4842969b76ae88e2f-p_e.jpg"
"2528 Northshore Ln, Westlake Village, CA 91361","91361","Westlake Village","CA","1540000","2","2","1591","967.94","5362","sqft","8/27/2024","1724742000000","https://zillow.com/homedetails/2528-Northshore-Ln-Westlake-Village-CA-91361/16493208_zpid/","34.14947","-118.83204","SINGLE_FAMILY","1540300","4325","https://photos.zillowstatic.com/fp/33bd8d7f8b92986253e57f97753b4ab8-p_e.jpg"
"236 Green Heath Pl, Thousand Oaks, CA 91361","91361","Thousand Oaks","CA","581500","3","3","1452","400.48","4356","sqft","8/8/2024","1723100400000","https://zillow.com/homedetails/236-Green-Heath-Pl-Thousand-Oaks-CA-91361/16484673_zpid/","34.1748","-118.8816","TOWNHOUSE","583200","3883","https://photos.zillowstatic.com/fp/b5e2ed45d7af094cc577c088761550ae-p_e.jpg"
"2063 Dewberry Ct, Westlake Village, CA 91361","91361","Westlake Village","CA","1224000","4","2","1550","789.68","0.3055555555555556","acres","7/29/2024","1722236400000","https://zillow.com/homedetails/2063-Dewberry-Ct-Westlake-Village-CA-91361/16492029_zpid/","34.152733","-118.84018","SINGLE_FAMILY","1224300","5977","https://photos.zillowstatic.com/fp/69708066d3ba05d5d72f85021be9f930-p_e.jpg"
"2608 Lakewood Pl, Westlake Village, CA 91361","91361","Westlake Village","CA","1250000","2","2","1231","1015.43","3078","sqft","7/24/2024","1721804400000","https://zillow.com/homedetails/2608-Lakewood-Pl-Westlake-Village-CA-91361/16493276_zpid/","34.14953","-118.82956","TOWNHOUSE","1252500","3863","https://photos.zillowstatic.com/fp/b34c235075ac9726b4c443cc150483a3-p_e.jpg"
"32143 Beachlake Ln, Westlake Village, CA 91361","91361","Westlake Village","CA","1015000","3","2","1410","719.86","3200","sqft","7/11/2024","1720681200000","https://zillow.com/homedetails/32143-Beachlake-Ln-Westlake-Village-CA-91361/19891660_zpid/","34.141617","-118.82189","TOWNHOUSE","1018100","5447","https://photos.zillowstatic.com/fp/4224fdf4a8ffa9b2b392cc74753a6920-p_e.jpg"
"1140 Canterford Cir, Westlake Village, CA 91361","91361","Westlake Village","CA","810000","2","2","1149","704.96","6098.4","sqft","7/10/2024","1720594800000","https://zillow.com/homedetails/1140-Canterford-Cir-Westlake-Village-CA-91361/16490110_zpid/","34.150856","-118.82685","TOWNHOUSE","809900","3830","https://photos.zillowstatic.com/fp/758937e4e99e849b2064031208e93b2a-p_e.jpg"
"1258 Landsburn Cir, Westlake Village, CA 91361","91361","Westlake Village","CA","400000","2","1","920","434.78","3049","sqft","6/24/2024","1719212400000","https://zillow.com/homedetails/1258-Landsburn-Cir-Westlake-Village-CA-91361/16490431_zpid/","34.14832","-118.82505","SINGLE_FAMILY","400900","3258","https://photos.zillowstatic.com/fp/dea8bfeaf87fbdf2cc69326f5ce8d4fa-p_e.jpg"
"1126 Landsburn Cir, Westlake Village, CA 91361","91361","Westlake Village","CA","520000","2","1","924","562.77","3049","sqft","6/14/2024","1718348400000","https://zillow.com/homedetails/1126-Landsburn-Cir-Westlake-Village-CA-91361/16490301_zpid/","34.14903","-118.8231","TOWNHOUSE","522000","3187","https://photos.zillowstatic.com/fp/df0802b350a0ed855e50a43cf8ac0b10-p_e.jpg"
"1230 Kirkford Way, Westlake Village, CA 91361","91361","Westlake Village","CA","530000","2","1","924","573.59","3049","sqft","6/14/2024","1718348400000","https://zillow.com/homedetails/1230-Kirkford-Way-Westlake-Village-CA-91361/16490416_zpid/","34.14868","-118.82549","TOWNHOUSE","546600","3187","https://photos.zillowstatic.com/fp/013fa8ca3e4ee8c9307672dbfb1085bf-p_e.jpg"
"2354 Leeward Cir, Westlake Village, CA 91361","91361","Westlake Village","CA","1500000","3","2","1641","914.08","5500","sqft","5/31/2024","1717138800000","https://zillow.com/homedetails/2354-Leeward-Cir-Westlake-Village-CA-91361/16493579_zpid/","34.14146","-118.83343","SINGLE_FAMILY","1506700","5437","https://photos.zillowstatic.com/fp/807122e22750122503341626f48f5aeb-p_e.jpg"
"2834 Lakeridge Ln, Westlake Village, CA 91361","91361","Westlake Village","CA","975000","2","2","1144","852.27","2530","sqft","5/22/2024","1716361200000","https://zillow.com/homedetails/2834-Lakeridge-Ln-Westlake-Village-CA-91361/16493433_zpid/","34.1466","-118.824715","SINGLE_FAMILY","980100","3976","https://photos.zillowstatic.com/fp/4b2e286d984108231e559accc3d5923f-p_e.jpg"
"31904 Richgrove Ct, Westlake Village, CA 91361","91361","Westlake Village","CA","1575000","4","2","1737","906.74","9072","sqft","5/22/2024","1716361200000","https://zillow.com/homedetails/31904-Richgrove-Ct-Westlake-Village-CA-91361/19892926_zpid/","34.140827","-118.81876","SINGLE_FAMILY","1579800","6517","https://photos.zillowstatic.com/fp/cb3f8a34a7462ca33df2e2c74979cb8a-p_e.jpg"
"2686 Lakewood Pl, Westlake Village, CA 91361","91361","Westlake Village","CA","1300000","2","2","1532","848.56","3494","sqft","5/16/2024","1715842800000","https://zillow.com/homedetails/2686-Lakewood-Pl-Westlake-Village-CA-91361/16493315_zpid/","34.148594","-118.82791","SINGLE_FAMILY","1307800","4590","https://photos.zillowstatic.com/fp/26245d4aa967178afb414a9dc65513f8-p_e.jpg"
"3826 Mainsail Cir, Westlake Village, CA 91361","91361","Westlake Village","CA","1500000","2","2","1568","956.63","5027","sqft","5/15/2024","1715756400000","https://zillow.com/homedetails/3826-Mainsail-Cir-Westlake-Village-CA-91361/19891955_zpid/","34.141693","-118.83096","SINGLE_FAMILY","1505200","6505","https://photos.zillowstatic.com/fp/f9049321ecea05a340b266c1296e6e30-p_e.jpg"
"2810 Shoreview Cir, Westlake Village, CA 91361","91361","Westlake Village","CA","1130000","2","2","1312","861.28","2508","sqft","5/13/2024","1715583600000","https://zillow.com/homedetails/2810-Shoreview-Cir-Westlake-Village-CA-91361/16493409_zpid/","34.146957","-118.82573","SINGLE_FAMILY","1136800","4068","https://photos.zillowstatic.com/fp/598e4cd2c8f491d28ffda4c0a1573dd1-p_e.jpg"
"141 Lake Sherwood Dr, Thousand Oaks, CA 91361","91361","Thousand Oaks","CA","909000","2","1","777","1169.88","0.3650137741046832","acres","5/10/2024","1715324400000","https://zillow.com/homedetails/141-Lake-Sherwood-Dr-Thousand-Oaks-CA-91361/16490611_zpid/","34.14196","-118.87395","SINGLE_FAMILY","914800","3297","https://photos.zillowstatic.com/fp/ad68cd7c092e8eb85b3775d10487c64d-p_e.jpg"
"2589 Northshore Ln, Westlake Village, CA 91361","91361","Westlake Village","CA","1450000","3","2","1636","886.31","3886","sqft","5/8/2024","1715151600000","https://zillow.com/homedetails/2589-Northshore-Ln-Westlake-Village-CA-91361/16493290_zpid/","34.14904","-118.829994","SINGLE_FAMILY","","4802","https://photos.zillowstatic.com/fp/c0dcd9b7a59d37459b095605a91c06d2-p_e.jpg"
"32141 Beachfront Ln, Westlake Village, CA 91361","91361","Westlake Village","CA","942500","2","2","1410","668.44","3152","sqft","5/8/2024","1715151600000","https://zillow.com/homedetails/32141-Beachfront-Ln-Westlake-Village-CA-91361/19891501_zpid/","34.145412","-118.8249","TOWNHOUSE","","4402","https://photos.zillowstatic.com/fp/cad3cb2e680aaf9eadfcfc742c644438-p_e.jpg"
"330 Green Moor Pl, Thousand Oaks, CA 91361","91361","Thousand Oaks","CA","650000","2","2","1199","542.12","4356","sqft","4/25/2024","1714028400000","https://zillow.com/homedetails/330-Green-Moor-Pl-Thousand-Oaks-CA-91361/16484587_zpid/","34.172165","-118.88059","TOWNHOUSE","655200","3602","https://photos.zillowstatic.com/fp/b1ec5726c4094f6d1cd5511e80286571-p_e.jpg"
"1678 S Trafalgar Pl, Westlake Village, CA 91361","91361","Westlake Village","CA","131450","4","2","1750","75.11","6969","sqft","4/23/2024","1713855600000","https://zillow.com/homedetails/1678-S-Trafalgar-Pl-Westlake-Village-CA-91361/16491058_zpid/","34.14412","-118.85482","SINGLE_FAMILY","890800","5927","https://maps.googleapis.com/maps/api/staticmap?mobile=false&sensor=true&maptype=satellite&size=575x242&zoom=17&center=34.14411926269531,-118.85482025146484&key=AIzaSyBJsNQO5ZeG-XAbqqWLKwG08fWITSxg33w&signature=7klmDuyyz5NXlOa92gNWXDEUfKo="
"2215 Portola Ln, Westlake Village, CA 91361","91361","Westlake Village","CA","835000","2","2","1402","595.58","6534","sqft","4/12/2024","1712905200000","https://zillow.com/homedetails/2215-Portola-Ln-Westlake-Village-CA-91361/16492912_zpid/","34.14683","-118.83722","TOWNHOUSE","856700","4261","https://photos.zillowstatic.com/fp/a76eb77b886ef28b4ffc7ddcea9d45c7-p_e.jpg"
"1178 Landsburn Cir, Westlake Village, CA 91361","91361","Westlake Village","CA","550000","2","1","920","597.83","3049","sqft","3/27/2024","1711522800000","https://zillow.com/homedetails/1178-Landsburn-Cir-Westlake-Village-CA-91361/16490321_zpid/","34.147915","-118.82327","TOWNHOUSE","","3179","https://photos.zillowstatic.com/fp/d71cab954e6b0fb263bfc2eff9479e7a-p_e.jpg"
"287 Green Heath Pl, Thousand Oaks, CA 91361","91361","Thousand Oaks","CA","580000","2","2","1021","568.07","4356","sqft","3/19/2024","1710831600000","https://zillow.com/homedetails/287-Green-Heath-Pl-Thousand-Oaks-CA-91361/16484704_zpid/","34.174866","-118.88221","TOWNHOUSE","587900","3080","https://photos.zillowstatic.com/fp/817065ff67483c4844c246777c14fad4-p_e.jpg"
"2739 Lakewood Pl, Westlake Village, CA 91361","91361","Westlake Village","CA","1210000","3","2","1636","739.61","3729","sqft","3/19/2024","1710831600000","https://zillow.com/homedetails/2739-Lakewood-Pl-Westlake-Village-CA-91361/16493347_zpid/","34.1482","-118.826195","SINGLE_FAMILY","1226500","5188","https://photos.zillowstatic.com/fp/a9b7c3e4d8ba923aa6bb162ac71e213b-p_e.jpg"
"101 Merry Oak Ln, Westlake Village, CA 91361","91361","Westlake Village","CA","620000","2","2","1272","487.42","4510","sqft","3/12/2024","1710226800000","https://zillow.com/homedetails/101-Merry-Oak-Ln-Westlake-Village-CA-91361/19891274_zpid/","34.13212","-118.81289","SINGLE_FAMILY","625200","4727","https://photos.zillowstatic.com/fp/e78f3385a46f6d99b83919562446bc23-p_e.jpg"
"4517 Knightsgate Rd, Westlake Village, CA 91361","91361","Westlake Village","CA","500000","2","2","1685","296.74","7127","sqft","3/11/2024","1710140400000","https://zillow.com/homedetails/4517-Knightsgate-Rd-Westlake-Village-CA-91361/19892725_zpid/","34.14717","-118.8097","SINGLE_FAMILY","504200","4616","https://maps.googleapis.com/maps/api/staticmap?mobile=false&sensor=true&maptype=satellite&size=575x242&zoom=17&center=34.14717102050781,-118.80970001220703&key=AIzaSyBJsNQO5ZeG-XAbqqWLKwG08fWITSxg33w&signature=tBm9H8QZ7TDycD0b2eNJEp-h8yE="
"1243 Clippers Cir, Westlake Village, CA 91361","91361","Westlake Village","CA","1085000","3","2","1626","667.28","8276","sqft","3/8/2024","1709884800000","https://zillow.com/homedetails/1243-Clippers-Cir-Westlake-Village-CA-91361/16493727_zpid/","34.146202","-118.835396","TOWNHOUSE","","5298","https://photos.zillowstatic.com/fp/56ce1e798521052e408051d74a0f7b48-p_e.jpg"
"1245 Center Ct, Westlake Village, CA 91361","91361","Westlake Village","CA","970000","3","2","1626","596.56","8276","sqft","2/12/2024","1707724800000","https://zillow.com/homedetails/1245-Center-Ct-Westlake-Village-CA-91361/2055593015_zpid/","34.14675","-118.835754","TOWNHOUSE","993500","4889","https://photos.zillowstatic.com/fp/de55cf7dbdc52a2021ca0157509907a5-p_e.jpg"
"1209 Landsburn Cir, Westlake Village, CA 91361","91361","Westlake Village","CA","525000","2","1","924","568.18","3049","sqft","1/24/2024","1706083200000","https://zillow.com/homedetails/1209-Landsburn-Cir-Westlake-Village-CA-91361/16490386_zpid/","34.147846","-118.82413","TOWNHOUSE","539400","3187","https://photos.zillowstatic.com/fp/2bdab89ee35519c7542c4f066e2b206f-p_e.jpg"
"1046 S Barrow Ct, Westlake Village, CA 91361","91361","Westlake Village","CA","1200000","3","2","1724","696.06","6000","sqft","1/11/2024","1704960000000","https://zillow.com/homedetails/1046-S-Barrow-Ct-Westlake-Village-CA-91361/16491426_zpid/","34.15164","-118.83856","SINGLE_FAMILY","1234300","5177","https://photos.zillowstatic.com/fp/3a8cb0c3710d22e563388f6491e13e69-p_e.jpg"
"3901 Middlegate Rd, Westlake Village, CA 91361","91361","Westlake Village","CA","1630500","4","2","1737","938.69","8794.764","sqft","1/3/2024","1704268800000","https://zillow.com/homedetails/3901-Middlegate-Rd-Westlake-Village-CA-91361/19892973_zpid/","34.140656","-118.81586","SINGLE_FAMILY","1658400","6745","https://photos.zillowstatic.com/fp/f1c2d16a49bc1f133acab9c458e537c2-p_e.jpg"
"1069 S Barrow Ct, Westlake Village, CA 91361","91361","Westlake Village","CA","1340000","3","3","1646","814.09","5998.212","sqft","12/7/2023","1701936000000","https://zillow.com/homedetails/1069-S-Barrow-Ct-Westlake-Village-CA-91361/16491407_zpid/","34.151447","-118.83936","SINGLE_FAMILY","1388500","6331","https://photos.zillowstatic.com/fp/08538fd93f59f60f7e530a33ddc3b46c-p_e.jpg"
"244 Green Heath Pl, Thousand Oaks, CA 91361","91361","Thousand Oaks","CA","3550","3","3","1356","2.62","4356","sqft","11/13/2023","1699862400000","https://zillow.com/homedetails/244-Green-Heath-Pl-Thousand-Oaks-CA-91361/16484677_zpid/","34.174614","-118.88144","TOWNHOUSE","721000","3194","https://photos.zillowstatic.com/fp/91c7e9ad2480e96c1ae776a6f3c2f809-p_e.jpg"
"2659 Lakewood Pl, Westlake Village, CA 91361","91361","Westlake Village","CA","1085000","3","2","1636","663.2","3711","sqft","10/30/2023","1698649200000","https://zillow.com/homedetails/2659-Lakewood-Pl-Westlake-Village-CA-91361/16493307_zpid/","34.149593","-118.82855","SINGLE_FAMILY","1132400","5187","https://photos.zillowstatic.com/fp/1e035fa9210c374dfe0c737f06d56a73-p_e.jpg"
"1235 Kirkford Way, Westlake Village, CA 91361","91361","Westlake Village","CA","636500","3","2","1020","624.02","3049","sqft","10/13/2023","1697180400000","https://zillow.com/homedetails/1235-Kirkford-Way-Westlake-Village-CA-91361/16490393_zpid/","34.148598","-118.82593","TOWNHOUSE","665900","3808","https://photos.zillowstatic.com/fp/63c622af8925f39adb2c0b275f0041d4-p_e.jpg"
"2703 Lakewood Pl, Westlake Village, CA 91361","91361","Westlake Village","CA","1250000","2","2","1231","1015.43","3501","sqft","10/6/2023","1696575600000","https://zillow.com/homedetails/2703-Lakewood-Pl-Westlake-Village-CA-91361/16493338_zpid/","34.148605","-118.82735","SINGLE_FAMILY","1309000","3810","https://photos.zillowstatic.com/fp/95cc051686c8415ff7fa297fbb836552-p_e.jpg"
"155 Sherwood Dr, Westlake Village, CA 91361","91361","Westlake Village","CA","300000","3","2","1623","184.84","5502","sqft","9/22/2023","1695366000000","https://zillow.com/homedetails/155-Sherwood-Dr-Westlake-Village-CA-91361/19891299_zpid/","34.13214","-118.81151","SINGLE_FAMILY","1059800","5827","https://photos.zillowstatic.com/fp/41571aacc04ab9758447d00d548fed15-p_e.jpg"
"280 Green Lea Pl, Thousand Oaks, CA 91361","91361","Thousand Oaks","CA","650000","3","3","1421","457.42","4356","sqft","9/21/2023","1695279600000","https://zillow.com/homedetails/280-Green-Lea-Pl-Thousand-Oaks-CA-91361/16484602_zpid/","34.1734","-118.88077","TOWNHOUSE","682000","3762","https://photos.zillowstatic.com/fp/17b6babd0cc52c6ad10fa24a927079db-p_e.jpg"
"1145 Nottingwood Cir, Westlake Village, CA 91361","91361","Westlake Village","CA","740000","2","2","1149","644.04","6098","sqft","9/8/2023","1694156400000","https://zillow.com/homedetails/1145-Nottingwood-Cir-Westlake-Village-CA-91361/16490189_zpid/","34.150562","-118.82835","TOWNHOUSE","777600","3808","https://photos.zillowstatic.com/fp/bdec374ddc109943a2b72701816738c6-p_e.jpg"
"332 Green Moor Pl, Thousand Oaks, CA 91361","91361","Thousand Oaks","CA","510500","2","2","1021","500","4356","sqft","9/1/2023","1693551600000","https://zillow.com/homedetails/332-Green-Moor-Pl-Thousand-Oaks-CA-91361/16484556_zpid/","34.172478","-118.88078","TOWNHOUSE","536900","3411","https://photos.zillowstatic.com/fp/959706f42bcba9782de23b1109ae98e2-p_e.jpg"
"157 Sherwood Dr, Westlake Village, CA 91361","91361","Westlake Village","CA","830000","3","2","1440","576.39","6733","sqft","8/30/2023","1693378800000","https://zillow.com/homedetails/157-Sherwood-Dr-Westlake-Village-CA-91361/19891301_zpid/","34.132065","-118.81107","SINGLE_FAMILY","859100","5473","https://photos.zillowstatic.com/fp/38b17384b539ab54505afe706785ab98-p_e.jpg"
"1120 Nottingwood Cir, Westlake Village, CA 91361","91361","Westlake Village","CA","670000","2","2","1149","583.12","6098","sqft","8/21/2023","1692601200000","https://zillow.com/homedetails/1120-Nottingwood-Cir-Westlake-Village-CA-91361/16490196_zpid/","34.15031","-118.82769","TOWNHOUSE","705500","3830","https://photos.zillowstatic.com/fp/e640bd27286dc34a0126c72ba9da0976-p_e.jpg"
"206 Green Heath Pl, Thousand Oaks, CA 91361","91361","Thousand Oaks","CA","600000","3","2","1404","427.35","4356","sqft","8/9/2023","1691564400000","https://zillow.com/homedetails/206-Green-Heath-Pl-Thousand-Oaks-CA-91361/16484654_zpid/","34.174744","-118.88054","TOWNHOUSE","633900","3590","https://photos.zillowstatic.com/fp/064dbe8d0c3c07b6db3bafb8ebdeada9-p_e.jpg"
"2601 Northshore Ln, Thousand Oaks, CA 91361","91361","Thousand Oaks","CA","1125000","3","2","1636","687.65","3802","sqft","8/9/2023","1691564400000","https://zillow.com/homedetails/2601-Northshore-Ln-Thousand-Oaks-CA-91361/16493293_zpid/","34.148952","-118.82957","SINGLE_FAMILY","1146800","5190","https://photos.zillowstatic.com/fp/e82f34422fe5070825fa8a2dd31e1226-p_e.jpg"
"217 Green Lea Pl, Thousand Oaks, CA 91361","91361","Thousand Oaks","CA","630000","3","2","1404","448.72","4356","sqft","8/4/2023","1691132400000","https://zillow.com/homedetails/217-Green-Lea-Pl-Thousand-Oaks-CA-91361/16484536_zpid/","34.174557","-118.8794","TOWNHOUSE","666000","3600","https://photos.zillowstatic.com/fp/75d809e8b8835c44098f0e475e726616-p_e.jpg"
"2150 Wimbledon Cir, Westlake Village, CA 91361","91361","Westlake Village","CA","862500","2","2","1540","560.06","8276","sqft","8/3/2023","1691046000000","https://zillow.com/homedetails/2150-Wimbledon-Cir-Westlake-Village-CA-91361/16493675_zpid/","34.147984","-118.83728","TOWNHOUSE","911900","4383","https://photos.zillowstatic.com/fp/9b95b985ad53a6864ff6628b87b6bf2d-p_e.jpg"
"1086 Glenbridge Cir, Westlake Village, CA 91361","91361","Westlake Village","CA","662500","2","2","1200","552.08","6098","sqft","8/2/2023","1690959600000","https://zillow.com/homedetails/1086-Glenbridge-Cir-Westlake-Village-CA-91361/16490220_zpid/","34.15069","-118.82881","TOWNHOUSE","700600","3851","https://photos.zillowstatic.com/fp/4584de5feb523a3341db5d8e077dedfa-p_e.jpg"
"1181 Landsburn Cir, Westlake Village, CA 91361","91361","Westlake Village","CA","530000","2","1","924","573.59","3049","sqft","7/25/2023","1690268400000","https://zillow.com/homedetails/1181-Landsburn-Cir-Westlake-Village-CA-91361/16490376_zpid/","34.147903","-118.8236","TOWNHOUSE","559800","3187","https://photos.zillowstatic.com/fp/889c0554f83c63961a95ad2f479babd1-p_e.jpg"
"36 Nottingham Rd, Westlake Village, CA 91361","91361","Westlake Village","CA","455000","2","2","1000","455","4757","sqft","7/7/2023","1688713200000","https://zillow.com/homedetails/36-Nottingham-Rd-Westlake-Village-CA-91361/19891152_zpid/","34.131058","-118.8197","SINGLE_FAMILY","475900","3525","https://photos.zillowstatic.com/fp/788394d827884c4cada7c1ca15cd98dc-p_e.jpg"
"214 Green Heath Pl, Thousand Oaks, CA 91361","91361","Thousand Oaks","CA","640000","3","3","1418","451.34","4356","sqft","7/5/2023","1688540400000","https://zillow.com/homedetails/214-Green-Heath-Pl-Thousand-Oaks-CA-91361/16484658_zpid/","34.17482","-118.88081","TOWNHOUSE","677900","3684","https://photos.zillowstatic.com/fp/9a3112d6b816aa263fe79b39c7bb7f56-p_e.jpg"
"2564 Northshore Ln, Westlake Village, CA 91361","91361","Westlake Village","CA","1565000","3","2","1699","921.13","4589","sqft","7/3/2023","1688367600000","https://zillow.com/homedetails/2564-Northshore-Ln-Westlake-Village-CA-91361/16493258_zpid/","34.14886","-118.831","SINGLE_FAMILY","1642200","4873","https://photos.zillowstatic.com/fp/26763b7e4c924f74108d55661459faaa-p_e.jpg"
"1180 S Westlake Blvd UNIT A, Westlake Village, CA 91361","91361","Westlake Village","CA","700000","2","3","1750","400","3920","sqft","6/27/2023","1687849200000","https://zillow.com/homedetails/1180-S-Westlake-Blvd-UNIT-A-Westlake-Village-CA-91361/16493598_zpid/","34.149433","-118.83614","TOWNHOUSE","742400","4764","https://photos.zillowstatic.com/fp/2cb44b7d3c9af9c2ab27cc716f248c33-p_e.jpg"
"2605 Northshore Ln, Westlake Village, CA 91361","91361","Westlake Village","CA","1100000","2","2","1231","893.58","3655","sqft","6/23/2023","1687503600000","https://zillow.com/homedetails/2605-Northshore-Ln-Westlake-Village-CA-91361/16493294_zpid/","34.148914","-118.829445","TOWNHOUSE","1167400","3740","https://photos.zillowstatic.com/fp/99124cc5a9c7ee9741bb4617ff80dea3-p_e.jpg"
"1129 Glenbridge Cir, Westlake Village, CA 91361","91361","Westlake Village","CA","725000","2","2","1149","630.98","6098","sqft","6/13/2023","1686639600000","https://zillow.com/homedetails/1129-Glenbridge-Cir-Westlake-Village-CA-91361/16490205_zpid/","34.15046","-118.82947","TOWNHOUSE","770800","3808","https://photos.zillowstatic.com/fp/dfa77ad13075be7a1860cdaa7712eaf2-p_e.jpg"
"1206 S Westlake Blvd #F, Westlake Village, CA 91361","91361","Westlake Village","CA","1005000","2","3","1656","606.88","3920","sqft","6/13/2023","1686639600000","https://zillow.com/homedetails/1206-S-Westlake-Blvd-F-Westlake-Village-CA-91361/16493487_zpid/","34.148895","-118.834946","TOWNHOUSE","1068500","4610","https://photos.zillowstatic.com/fp/9983b0e312c952b3638f34cdbcade841-p_e.jpg"
"2731 Lakeridge Ln, Westlake Village, CA 91361","91361","Westlake Village","CA","1015000","3","2","1430","709.79","3955","sqft","6/9/2023","1686294000000","https://zillow.com/homedetails/2731-Lakeridge-Ln-Westlake-Village-CA-91361/16493368_zpid/","34.147663","-118.827415","SINGLE_FAMILY","1080400","4741","https://photos.zillowstatic.com/fp/49e96e51bea9cd85096f72ee29ade9d4-p_e.jpg"
"2166 Portola Ln, Westlake Village, CA 91361","91361","Westlake Village","CA","850000","3","2","1500","566.67","6534","sqft","6/1/2023","1685602800000","https://zillow.com/homedetails/2166-Portola-Ln-Westlake-Village-CA-91361/16492872_zpid/","34.147285","-118.83816","TOWNHOUSE","905600","4812","https://photos.zillowstatic.com/fp/cfe3d96c6305fb99b693eda07bdefe27-p_e.jpg"
"2534 Northlake Cir, Thousand Oaks, CA 91361","91361","Thousand Oaks","CA","771000","2","2","1144","673.95","2178","sqft","5/26/2023","1685084400000","https://zillow.com/homedetails/2534-Northlake-Cir-Thousand-Oaks-CA-91361/16493240_zpid/","34.14961","-118.830826","SINGLE_FAMILY","822500","3554","https://maps.googleapis.com/maps/api/staticmap?mobile=false&sensor=true&maptype=satellite&size=575x242&zoom=17&center=34.14960861206055,-118.83082580566406&key=AIzaSyBJsNQO5ZeG-XAbqqWLKwG08fWITSxg33w&signature=UyxIzX5Szrzq4MnLJqD3JhfzCY4="
"1387 Breckford Ct, Westlake, CA 91361","91361","Westlake","CA","1470000","4","2","1750","840","8025","sqft","5/19/2023","1684479600000","https://zillow.com/homedetails/1387-Breckford-Ct-Westlake-CA-91361/16492705_zpid/","34.14684","-118.839386","SINGLE_FAMILY","1570500","5629","https://photos.zillowstatic.com/fp/c115e10bd2e5f3b23cca68396fa3e061-p_e.jpg"
"1230 S Westlake Blvd UNIT C, Westlake Village, CA 91361","91361","Westlake village","CA","100000","2","3","1636","61.12","3920","sqft","5/12/2023","1683874800000","https://zillow.com/homedetails/1230-S-Westlake-Blvd-UNIT-C-Westlake-Village-CA-91361/16493648_zpid/","34.149685","-118.83628","TOWNHOUSE","934600","4599","https://photos.zillowstatic.com/fp/390385271e1207c7c17df97143a5c3e7-p_e.jpg"
"1169 Nottingwood Cir, Westlake Village, CA 91361","91361","Westlake Village","CA","780000","2","2","1149","678.85","6098","sqft","5/5/2023","1683270000000","https://zillow.com/homedetails/1169-Nottingwood-Cir-Westlake-Village-CA-91361/16490181_zpid/","34.149887","-118.82813","TOWNHOUSE","835800","3830","https://photos.zillowstatic.com/fp/56685b79fb16b2c7753a88c5d105e717-p_e.jpg"
"163 Little John Ln, Westlake Village, CA 91361","91361","Westlake Village","CA","702000","3","2","1494","469.88","5215","sqft","4/27/2023","1682578800000","https://zillow.com/homedetails/163-Little-John-Ln-Westlake-Village-CA-91361/19891188_zpid/","34.1312","-118.81803","SINGLE_FAMILY","739400","5230","https://photos.zillowstatic.com/fp/e455c5825b5515aa5231567f3ee93afe-p_e.jpg"
"2712 Lakeridge Ln, Westlake Village, CA 91361","91361","Westlake Village","CA","1510000","3","2","1636","922.98","5657","sqft","4/10/2023","1681110000000","https://zillow.com/homedetails/2712-Lakeridge-Ln-Westlake-Village-CA-91361/16493375_zpid/","34.14765","-118.828125","SINGLE_FAMILY","1627300","5239","https://photos.zillowstatic.com/fp/98b434ee9e1a9cd3b86618f75019d067-p_e.jpg"
"262 Green Heath Pl, Thousand Oaks, CA 91361","91361","Thousand Oaks","CA","635000","3","3","1356","468.29","4356","sqft","3/30/2023","1680159600000","https://zillow.com/homedetails/262-Green-Heath-Pl-Thousand-Oaks-CA-91361/16484686_zpid/","34.174603","-118.881935","TOWNHOUSE","687600","3377","https://photos.zillowstatic.com/fp/ceaf6f754f69e4d3b5721c285b2744f8-p_e.jpg"
"228 Green Lea Pl, Thousand Oaks, CA 91361","91361","Thousand Oaks","CA","630000","3","2","1404","448.72","4356","sqft","3/10/2023","1678435200000","https://zillow.com/homedetails/228-Green-Lea-Pl-Thousand-Oaks-CA-91361/16484526_zpid/","34.173866","-118.87941","TOWNHOUSE","685200","3600","https://photos.zillowstatic.com/fp/278104c60a06c6da07b1fb1b584ee6b8-p_e.jpg"
"1033 Triunfo Canyon Rd, Westlake Village, CA 91361","91361","Westlake Village","CA","865000","3","2","1262","685.42","8712","sqft","2/28/2023","1677571200000","https://zillow.com/homedetails/1033-Triunfo-Canyon-Rd-Westlake-Village-CA-91361/16492064_zpid/","34.151882","-118.84088","SINGLE_FAMILY","946700","5326","https://photos.zillowstatic.com/fp/5e1513d1fdbe7093bb22ae025ecbfe60-p_e.jpg"
"1233 Landsburn Cir, Thousand Oaks, CA 91361","91361","Thousand Oaks","CA","530000","2","1","924","573.59","3049","sqft","2/22/2023","1677052800000","https://zillow.com/homedetails/1233-Landsburn-Cir-Thousand-Oaks-CA-91361/16490462_zpid/","34.14808","-118.82454","TOWNHOUSE","581100","3187","https://photos.zillowstatic.com/fp/29160dba4e016f9f3efbe0449617f940-p_e.jpg"
"95 Sherwood Dr, Westlake Village, CA 91361","91361","Westlake Village","CA","485000","2","2","1539","315.14","3944","sqft","2/22/2023","1677052800000","https://zillow.com/homedetails/95-Sherwood-Dr-Westlake-Village-CA-91361/19891268_zpid/","34.132416","-118.813484","SINGLE_FAMILY","531900","5154","https://photos.zillowstatic.com/fp/e769d91bbd6c5744017821260e4460bb-p_e.jpg"
"32019 Royceton Ct, Westlake Village, CA 91361","91361","Westlake Village","CA","1200000","4","2","1737","690.85","8347","sqft","2/2/2023","1675324800000","https://zillow.com/homedetails/32019-Royceton-Ct-Westlake-Village-CA-91361/19892888_zpid/","34.14271","-118.81957","SINGLE_FAMILY","1322600","6498","https://photos.zillowstatic.com/fp/fc58ff06a3179050242c8cc3cf48e8d2-p_e.jpg"
"3901 Trowbridge Ct, Westlake Village, CA 91361","91361","Westlake Village","CA","1495000","4","2","1737","860.68","0.25387970615243344","acres","12/28/2022","1672214400000","https://zillow.com/homedetails/3901-Trowbridge-Ct-Westlake-Village-CA-91361/19892951_zpid/","34.14012","-118.81773","SINGLE_FAMILY","1619700","6561","https://photos.zillowstatic.com/fp/9c09afdfc268cd7ed7ea2a498fc8a390-p_e.jpg"
"4319 Baronsgate Rd, Westlake Village, CA 91361","91361","Westlake Village","CA","583000","4","2","1737","335.64","8569","sqft","12/27/2022","1672128000000","https://zillow.com/homedetails/4319-Baronsgate-Rd-Westlake-Village-CA-91361/19893086_zpid/","34.14394","-118.80968","SINGLE_FAMILY","1154900","6076","https://photos.zillowstatic.com/fp/f0bb3a7e433f4f1bf820adcda8acd9b5-p_e.jpg"
"1127 Glenbridge Cir, Westlake Village, CA 91361","91361","Westlake Village","CA","685000","2","2","1149","596.17","6098","sqft","12/23/2022","1671782400000","https://zillow.com/homedetails/1127-Glenbridge-Cir-Westlake-Village-CA-91361/16490206_zpid/","34.150482","-118.82954","TOWNHOUSE","","3808","https://photos.zillowstatic.com/fp/827b5d547a940741d01e0274324c3ca3-p_e.jpg"
"105 Merry Oak Ln, Westlake Village, CA 91361","91361","Westlake Village","CA","440000","2","2","1632","269.61","3842","sqft","12/16/2022","1671177600000","https://zillow.com/homedetails/105-Merry-Oak-Ln-Westlake-Village-CA-91361/19891278_zpid/","34.132195","-118.813385","SINGLE_FAMILY","639400","5216","https://photos.zillowstatic.com/fp/26b1284a760d237fd6d001f22e4ad07b-p_e.jpg"
"2556 Northshore Ln, Westlake Village, CA 91361","91361","Westlake Village","CA","62500","3","3","1421","43.98","5442","sqft","12/15/2022","1671091200000","https://zillow.com/homedetails/2556-Northshore-Ln-Westlake-Village-CA-91361/16493215_zpid/","34.14896","-118.8313","TOWNHOUSE","1494800","4560","https://photos.zillowstatic.com/fp/7218fce2a48bb81f1c80479bddda942a-p_e.jpg"
"3930 Middlegate Rd, Westlake Village, CA 91361","91361","Westlake Village","CA","1075000","4","2","1737","618.88","8778","sqft","12/12/2022","1670832000000","https://zillow.com/homedetails/3930-Middlegate-Rd-Westlake-Village-CA-91361/19892978_zpid/","34.14159","-118.81553","SINGLE_FAMILY","1333800","6747","https://photos.zillowstatic.com/fp/d446871c392b662efd9c853d79389c4b-p_e.jpg"
"32117 Beachlake Ln, Westlake Village, CA 91361","91361","Westlake Village","CA","950000","2","2","1300","730.77","2920","sqft","11/16/2022","1668585600000","https://zillow.com/homedetails/32117-Beachlake-Ln-Westlake-Village-CA-91361/19891664_zpid/","34.141518","-118.82136","TOWNHOUSE","1023900","4884","https://photos.zillowstatic.com/fp/2682c8e10f8a1ffb80cc7270f2678558-p_e.jpg"
"1236 Landsburn Cir, Westlake Village, CA 91361","91361","Westlake Village","CA","495000","2","1","924","535.71","3049","sqft","11/15/2022","1668499200000","https://zillow.com/homedetails/1236-Landsburn-Cir-Westlake-Village-CA-91361/16490424_zpid/","34.147884","-118.82474","TOWNHOUSE","571100","3006","https://photos.zillowstatic.com/fp/3811b08f41b24d69e3f937b35bcd8768-p_e.jpg"
"32102 Beachview Ln, Westlake Village, CA 91361","91361","Westlake Village","CA","865000","2","2","1300","665.38","2876","sqft","11/15/2022","1668499200000","https://zillow.com/homedetails/32102-Beachview-Ln-Westlake-Village-CA-91361/19891670_zpid/","34.141945","-118.82112","TOWNHOUSE","1027500","4882","https://photos.zillowstatic.com/fp/df17b6f16020bdb60b158f68ffe14910-p_e.jpg"
"2727 Lakeridge Ln, Westlake Village, CA 91361","91361","Westlake Village","CA","1019000","2","2","1591","640.48","3860","sqft","11/14/2022","1668412800000","https://zillow.com/homedetails/2727-Lakeridge-Ln-Westlake-Village-CA-91361/16493369_zpid/","34.147724","-118.82745","TOWNHOUSE","1109800","4572","https://photos.zillowstatic.com/fp/2a4fd7ed4fd9706c80e9634589b3aa32-p_e.jpg"
"3064 Foothill Rd, Thousand Oaks, CA 91361","91361","Thousand Oaks","CA","870000","4","2","1609","540.71","0.3869834710743802","acres","11/1/2022","1667286000000","https://zillow.com/homedetails/3064-Foothill-Rd-Thousand-Oaks-CA-91361/16481278_zpid/","34.165604","-118.84121","SINGLE_FAMILY","1106200","4945","https://photos.zillowstatic.com/fp/dbd722ddd27038b2cd737155f351aab9-p_e.jpg"
"32157 Sailview Ln, Westlake Village, CA 91361","91361","Westlake Village","CA","935000","2","2","1300","719.23","3020","sqft","10/27/2022","1666854000000","https://zillow.com/homedetails/32157-Sailview-Ln-Westlake-Village-CA-91361/19891591_zpid/","34.14399","-118.823326","TOWNHOUSE","1064700","4171","https://photos.zillowstatic.com/fp/5229096a94fad8ab6376f522aac071fc-p_e.jpg"
"1204 S Westlake Blvd UNIT B, Westlake Village, CA 91361","91361","Westlake Village","CA","1300000","2","3","1700","764.71","3920","sqft","9/30/2022","1664521200000","https://zillow.com/homedetails/1204-S-Westlake-Blvd-UNIT-B-Westlake-Village-CA-91361/16493489_zpid/","34.14884","-118.83459","TOWNHOUSE","1468100","4666","https://photos.zillowstatic.com/fp/09a80c17666cbfec4af3ffabeb578f5a-p_e.jpg"
"2143 Wimbledon Cir, Westlake Village, CA 91361","91361","Westlake Village","CA","780000","3","2","1626","479.7","8276","sqft","9/23/2022","1663916400000","https://zillow.com/homedetails/2143-Wimbledon-Cir-Westlake-Village-CA-91361/16493684_zpid/","34.148426","-118.836914","TOWNHOUSE","1021000","4909","https://maps.googleapis.com/maps/api/staticmap?mobile=false&sensor=true&maptype=satellite&size=575x242&zoom=17&center=34.1484260559082,-118.8369140625&key=AIzaSyBJsNQO5ZeG-XAbqqWLKwG08fWITSxg33w&signature=Q-NnPxLUU77Bvr37tIhoG5WBciE="
"2853 Instone Ct, Thousand Oaks, CA 91361","91361","Thousand Oaks","CA","536000","2","1","924","580.09","3049","sqft","9/15/2022","1663225200000","https://zillow.com/homedetails/2853-Instone-Ct-Thousand-Oaks-CA-91361/16490260_zpid/","34.14949","-118.82457","TOWNHOUSE","587000","3006","https://photos.zillowstatic.com/fp/695c43d44b89a9867e11b5e8d8c679da-p_e.jpg"
"2714 Lakewood Pl, Thousand Oaks, CA 91361","91361","Thousand Oaks","CA","1050000","3","2","1430","734.27","3815","sqft","9/14/2022","1663138800000","https://zillow.com/homedetails/2714-Lakewood-Pl-Thousand-Oaks-CA-91361/16493322_zpid/","34.148087","-118.82719","SINGLE_FAMILY","1186000","4738","https://photos.zillowstatic.com/fp/6155e3c07c74d95eda6b14ad3564fd23-p_e.jpg"
"219 Green Heath Pl, Thousand Oaks, CA 91361","91361","Thousand Oaks","CA","640000","3","3","1356","471.98","4356","sqft","8/24/2022","1661324400000","https://zillow.com/homedetails/219-Green-Heath-Pl-Thousand-Oaks-CA-91361/16484663_zpid/","34.17536","-118.881386","TOWNHOUSE","739700","3377","https://photos.zillowstatic.com/fp/6fdada73d8db4346a33e390ed9a24890-p_e.jpg"
"314 Green Moor Pl, Thousand Oaks, CA 91361","91361","Thousand Oaks","CA","585000","2","2","1199","487.91","4356","sqft","8/12/2022","1660287600000","https://zillow.com/homedetails/314-Green-Moor-Pl-Thousand-Oaks-CA-91361/16484579_zpid/","34.17244","-118.8797","TOWNHOUSE","640100","3234","https://photos.zillowstatic.com/fp/11c757428c72a5e4b0f9c8180a329b4f-p_e.jpg"
"32023 Waterside Ln, Westlake Village, CA 91361","91361","Westlake Village","CA","965000","2","2","1300","742.31","2738","sqft","8/9/2022","1660028400000","https://zillow.com/homedetails/32023-Waterside-Ln-Westlake-Village-CA-91361/19891740_zpid/","34.139576","-118.82098","TOWNHOUSE","1017300","4155","https://photos.zillowstatic.com/fp/d87d2ad7dd54e4b7eeaad03428cc89d2-p_e.jpg"
"2656 Hartland Cir, Thousand Oaks, CA 91361","91361","Thousand Oaks","CA","725000","2","2","1149","630.98","6098","sqft","8/3/2022","1659510000000","https://zillow.com/homedetails/2656-Hartland-Cir-Thousand-Oaks-CA-91361/16490096_zpid/","34.15099","-118.82872","TOWNHOUSE","843400","3808","https://photos.zillowstatic.com/fp/a9c3b05437bc575d042da16cc67b8e79-p_e.jpg"
"32126 Sailview Ln, Westlake Village, CA 91361","91361","Westlake Village","CA","1025000","3","2","1410","726.95","3208","sqft","8/3/2022","1659510000000","https://zillow.com/homedetails/32126-Sailview-Ln-Westlake-Village-CA-91361/19891629_zpid/","34.14346","-118.82226","SINGLE_FAMILY","1186400","4756","https://maps.googleapis.com/maps/api/staticmap?mobile=false&sensor=true&maptype=satellite&size=575x242&zoom=17&center=34.14345932006836,-118.82225799560547&key=AIzaSyBJsNQO5ZeG-XAbqqWLKwG08fWITSxg33w&signature=E9hz0c8FB3SLbjxriEA9B6C3K_w="
"1424 Valecroft Ave, Westlake Village, CA 91361","91361","Westlake Village","CA","1350000","3","2","1522","886.99","8482","sqft","7/27/2022","1658905200000","https://zillow.com/homedetails/1424-Valecroft-Ave-Westlake-Village-CA-91361/16491646_zpid/","34.148308","-118.84885","SINGLE_FAMILY","1457200","4968","https://photos.zillowstatic.com/fp/779d4752374786837c5292654897902d-p_e.jpg"
"32149 Beach Lake Ln, Westlake Village, CA 91361","91361","Westlake Village","CA","975000","2","2","1300","750","2648","sqft","7/20/2022","1658300400000","https://zillow.com/homedetails/32149-Beach-Lake-Ln-Westlake-Village-CA-91361/19891658_zpid/","34.141834","-118.82186","TOWNHOUSE","1041600","4874","https://photos.zillowstatic.com/fp/5ff38e7b968b9a3bfd374d543f08c146-p_e.jpg"
"2775 Lakeridge Ln, Westlake Village, CA 91361","91361","Westlake Village","CA","1250000","3","3","1636","764.06","3797","sqft","7/15/2022","1657868400000","https://zillow.com/homedetails/2775-Lakeridge-Ln-Westlake-Village-CA-91361/16493357_zpid/","34.146797","-118.82616","SINGLE_FAMILY","1344000","5594","https://photos.zillowstatic.com/fp/2f552c737edd917f5cbf6924afc6aa13-p_e.jpg"
"2543 Northlake Cir, Westlake Village, CA 91361","91361","Westlake Village","CA","740000","2","2","1242","595.81","2494","sqft","7/12/2022","1657609200000","https://zillow.com/homedetails/2543-Northlake-Cir-Westlake-Village-CA-91361/16493255_zpid/","34.150078","-118.830864","TOWNHOUSE","826300","3861","https://photos.zillowstatic.com/fp/489f4170b66819ad73247b26ad348654-p_e.jpg"
"2870 Instone Ct, Thousand Oaks, CA 91361","91361","Thousand Oaks","CA","560000","2","1","924","606.06","3049","sqft","6/24/2022","1656054000000","https://zillow.com/homedetails/2870-Instone-Ct-Thousand-Oaks-CA-91361/16490246_zpid/","34.14946","-118.82384","TOWNHOUSE","605500","3187","https://photos.zillowstatic.com/fp/2ff828a0751221d6ed742640bf202301-p_e.jpg"
"2561 Northshore Ln, Westlake Village, CA 91361","91361","Westlake Village","CA","1040000","2","2","1263","823.44","3523","sqft","6/21/2022","1655794800000","https://zillow.com/homedetails/2561-Northshore-Ln-Westlake-Village-CA-91361/16493234_zpid/","34.149242","-118.83096","TOWNHOUSE","1175000","3898","https://photos.zillowstatic.com/fp/6ef62845cc71a20c6bbb2848e443e11c-p_e.jpg"
"93 Sherwood Dr, Westlake Village, CA 91361","91361","Westlake Village","CA","670000","2","2","1455","460.48","4621","sqft","6/17/2022","1655449200000","https://zillow.com/homedetails/93-Sherwood-Dr-Westlake-Village-CA-91361/19891266_zpid/","34.13244","-118.81388","SINGLE_FAMILY","887400","5011","https://photos.zillowstatic.com/fp/3c6a2f9d28f1110267b48b3b26d605d4-p_e.jpg"
"4402 Regents Ct, Westlake Village, CA 91361","91361","Westlake Village","CA","1731000","3","2","1737","996.55","7306","sqft","6/17/2022","1655449200000","https://zillow.com/homedetails/4402-Regents-Ct-Westlake-Village-CA-91361/19893169_zpid/","34.14519","-118.81606","SINGLE_FAMILY","1803300","5755","https://photos.zillowstatic.com/fp/c8fd20c27e651703775bcbe157115c4b-p_e.jpg"
"4502 Guildhall Ct, Westlake Village, CA 91361","91361","Westlake Village","CA","1100000","3","2","1685","652.82","6897","sqft","6/1/2022","1654066800000","https://zillow.com/homedetails/4502-Guildhall-Ct-Westlake-Village-CA-91361/19893375_zpid/","34.1464","-118.80828","SINGLE_FAMILY","1301900","5645","https://photos.zillowstatic.com/fp/b2cb6455b94cf170199d245f3710dbbf-p_e.jpg"
"4320 Crownfield Ct, Westlake Village, CA 91361","91361","Westlake Village","CA","1455000","3","2","1685","863.5","5992","sqft","5/31/2022","1653980400000","https://zillow.com/homedetails/4320-Crownfield-Ct-Westlake-Village-CA-91361/19893325_zpid/","34.14471","-118.81507","SINGLE_FAMILY","1600100","5655","https://photos.zillowstatic.com/fp/19da3e2d2383b094f3e0e97ec20a11a1-p_e.jpg"
"2805 Shoreview Cir, Westlake Village, CA 91361","91361","Westlake Village","CA","1060000","2","2","1144","926.57","2498","sqft","5/23/2022","1653289200000","https://zillow.com/homedetails/2805-Shoreview-Cir-Westlake-Village-CA-91361/16493412_zpid/","34.147243","-118.8257","SINGLE_FAMILY","1152500","3975","https://photos.zillowstatic.com/fp/c64ddff768d231674d53fcec5b0a17a3-p_e.jpg"
"279 Lake Sherwood Dr, Thousand Oaks, CA 91361","91361","Thousand Oaks","CA","10500","3","2","1270","8.27","0.25","acres","5/18/2022","1652857200000","https://zillow.com/homedetails/279-Lake-Sherwood-Dr-Thousand-Oaks-CA-91361/16490614_zpid/","34.141953","-118.87128","SINGLE_FAMILY","1371700","4777","https://photos.zillowstatic.com/fp/5b8963a16b557da94a19fb30522d27f2-p_e.jpg"
"1459 Briarglen Ave, Thousand Oaks, CA 91361","91361","Thousand Oaks","CA","1351000","3","2","1522","887.65","10604","sqft","5/18/2022","1652857200000","https://zillow.com/homedetails/1459-Briarglen-Ave-Thousand-Oaks-CA-91361/16491677_zpid/","34.148705","-118.85068","SINGLE_FAMILY","1522200","5468","https://photos.zillowstatic.com/fp/acb9586175c7222366667cc7af041540-p_e.jpg"
"4323 Crownfield Ct, Westlake Village, CA 91361","91361","Westlake Village","CA","1375000","2","2","1685","816.02","7137","sqft","5/18/2022","1652857200000","https://zillow.com/homedetails/4323-Crownfield-Ct-Westlake-Village-CA-91361/19893294_zpid/","34.144802","-118.8157","SINGLE_FAMILY","1518300","5246","https://photos.zillowstatic.com/fp/5241eb7a3e07a80c66a6e8a14cf342a8-p_e.jpg"
"1027 Triunfo Canyon Rd, Westlake Village, CA 91361","91361","Westlake Village","CA","1057000","3","2","1550","681.94","0.4799816345270891","acres","5/13/2022","1652425200000","https://zillow.com/homedetails/1027-Triunfo-Canyon-Rd-Westlake-Village-CA-91361/16492062_zpid/","34.152054","-118.8413","SINGLE_FAMILY","1275300","5786","https://maps.googleapis.com/maps/api/staticmap?mobile=false&sensor=true&maptype=satellite&size=575x242&zoom=17&center=34.15205383300781,-118.84130096435547&key=AIzaSyBJsNQO5ZeG-XAbqqWLKwG08fWITSxg33w&signature=TV9WKJb9d9rzQ_zemwGWaBnEiY8="
"2573 Northshore Ln, Thousand Oaks, CA 91361","91361","Thousand Oaks","CA","885000","2","2","1591","556.25","3877","sqft","4/29/2022","1651215600000","https://zillow.com/homedetails/2573-Northshore-Ln-Thousand-Oaks-CA-91361/16493237_zpid/","34.149174","-118.83053","TOWNHOUSE","1064100","4093","https://photos.zillowstatic.com/fp/ba7c607b655ce094f3ad34566ec92542-p_e.jpg"
"2740 Lakeridge Ln, Westlake Village, CA 91361","91361","Westlake Village","CA","1750000","2","2","1231","1421.61","4373","sqft","4/29/2022","1651215600000","https://zillow.com/homedetails/2740-Lakeridge-Ln-Westlake-Village-CA-91361/16493382_zpid/","34.147102","-118.82735","SINGLE_FAMILY","1901000","3822","https://photos.zillowstatic.com/fp/da7a32676026ed4e903c68e16cac341f-p_e.jpg"
"2130 Crespi Ln, Thousand Oaks, CA 91361","91361","Thousand Oaks","CA","1100000","2","2","1508","729.44","6534","sqft","4/15/2022","1650006000000","https://zillow.com/homedetails/2130-Crespi-Ln-Thousand-Oaks-CA-91361/16492811_zpid/","34.14782","-118.83975","TOWNHOUSE","1156500","4445","https://photos.zillowstatic.com/fp/6e4b9cbc077060b5531dc75622e0f1c9-p_e.jpg"
"32105 Sailview Ln, Westlake Village, CA 91361","91361","Westlake Village","CA","1000000","2","2","1300","769.23","2956","sqft","3/29/2022","1648537200000","https://zillow.com/homedetails/32105-Sailview-Ln-Westlake-Village-CA-91361/19891601_zpid/","34.14401","-118.822044","SINGLE_FAMILY","1126900","4397","https://photos.zillowstatic.com/fp/3f510ae6be99961949e038360468abf5-p_e.jpg"
"2829 Shoreview Cir, Westlake Village, CA 91361","91361","Westlake Village","CA","805000","2","2","1144","703.67","2508","sqft","3/28/2022","1648450800000","https://zillow.com/homedetails/2829-Shoreview-Cir-Westlake-Village-CA-91361/16493418_zpid/","34.147495","-118.82508","TOWNHOUSE","945400","3838","https://photos.zillowstatic.com/fp/b1f7ef466e3a14fd6c574d11bf998bfc-p_e.jpg"
"31720 Kentfield Ct, Westlake Village, CA 91361","91361","Westlake Village","CA","1640000","4","2","1737","944.16","6347","sqft","3/22/2022","1647932400000","https://zillow.com/homedetails/31720-Kentfield-Ct-Westlake-Village-CA-91361/19892983_zpid/","34.1415","-118.81509","SINGLE_FAMILY","1692300","7022","https://photos.zillowstatic.com/fp/6801abbc4f3a2eb8879ffdf4c26e3df4-p_e.jpg"
"1137 Brightglen Cir, Westlake Village, CA 91361","91361","Westlake Village","CA","735000","2","2","1149","639.69","6098","sqft","3/11/2022","1646985600000","https://zillow.com/homedetails/1137-Brightglen-Cir-Westlake-Village-CA-91361/16490139_zpid/","34.150314","-118.82645","TOWNHOUSE","823200","3830","https://photos.zillowstatic.com/fp/f458dd49d8fd357ef60158cb47bb29f7-p_e.jpg"
"1206 S Westlake Blvd UNIT A, Westlake, CA 91361","91361","Westlake","CA","975000","2","2.5","1656","588.77","3920","sqft","2/9/2022","1644393600000","https://zillow.com/homedetails/1206-S-Westlake-Blvd-UNIT-A-Westlake-CA-91361/16493482_zpid/","34.148804","-118.83501","TOWNHOUSE","1036600","4540","https://photos.zillowstatic.com/fp/cfba8c41d34acd0ea4195c66047bcd35-p_e.jpg"
"1316 Breckford Ct, Westlake Village, CA 91361","91361","Westlake Village","CA","1510000","4","2","1750","862.86","8131","sqft","2/4/2022","1643961600000","https://zillow.com/homedetails/1316-Breckford-Ct-Westlake-Village-CA-91361/16492695_zpid/","34.147743","-118.84075","SINGLE_FAMILY","1653400","6291","https://photos.zillowstatic.com/fp/bdfd5d9082417cf2017ec7ffdb4cde41-p_e.jpg"
"959 Sandpiper Cir, Westlake Village, CA 91361","91361","Westlake Village","CA","875000","3","2","1262","693.34","6098","sqft","2/2/2022","1643788800000","https://zillow.com/homedetails/959-Sandpiper-Cir-Westlake-Village-CA-91361/16492004_zpid/","34.153526","-118.84192","SINGLE_FAMILY","1125400","4948","https://maps.googleapis.com/maps/api/staticmap?mobile=false&sensor=true&maptype=satellite&size=575x242&zoom=17&center=34.153526306152344,-118.8419189453125&key=AIzaSyBJsNQO5ZeG-XAbqqWLKwG08fWITSxg33w&signature=6pQ3fhHhFQFodJeW3XPD0bsX6Sk="
"1074 Glenbridge Cir, Westlake Village, CA 91361","91361","Westlake Village","CA","812500","2","2","1149","707.14","6098","sqft","1/28/2022","1643356800000","https://zillow.com/homedetails/1074-Glenbridge-Cir-Westlake-Village-CA-91361/16490224_zpid/","34.150307","-118.82887","TOWNHOUSE","899500","3808","https://photos.zillowstatic.com/fp/aaba80f912fdad9a4b992e928341f2b2-p_e.jpg"
"103 Lake Sherwood Dr, Thousand Oaks, CA 91361","91361","Thousand Oaks","CA","1857500","3","2","1432","1297.14","9600","sqft","12/29/2021","1640764800000","https://zillow.com/homedetails/103-Lake-Sherwood-Dr-Thousand-Oaks-CA-91361/16490608_zpid/","34.140854","-118.874016","SINGLE_FAMILY","2087500","5036","https://photos.zillowstatic.com/fp/e9f82b647a7845c4e4b8111426915004-p_e.jpg"
"3822 Bowsprit Cir, Westlake Village, CA 91361","91361","Westlake Village","CA","1600000","2","2","1592","1005.03","4937","sqft","12/21/2021","1640073600000","https://zillow.com/homedetails/3822-Bowsprit-Cir-Westlake-Village-CA-91361/19891991_zpid/","34.14107","-118.829956","SINGLE_FAMILY","1914900","6545","https://photos.zillowstatic.com/fp/1adcf3130fad682affa31819ac4ccfeb-p_e.jpg"
"278 Green Lea Pl, Thousand Oaks, CA 91361","91361","Thousand Oaks","CA","600000","3","3","1356","442.48","4356","sqft","12/20/2021","1639987200000","https://zillow.com/homedetails/278-Green-Lea-Pl-Thousand-Oaks-CA-91361/16484601_zpid/","34.173462","-118.88081","TOWNHOUSE","698100","3377","https://photos.zillowstatic.com/fp/09363a35e4d1562159803ee3c0c9af0d-p_e.jpg"
"224 Green Lea Pl, Westlake Village, CA 91361","91361","Westlake Village","CA","530000","2","2","1199","442.04","4356","sqft","12/16/2021","1639641600000","https://zillow.com/homedetails/224-Green-Lea-Pl-Westlake-Village-CA-91361/2067721532_zpid/","34.17369","-118.879395","TOWNHOUSE","626300","3630","https://photos.zillowstatic.com/fp/561da72f80e42ac8e493b61c1ef7f463-p_e.jpg"
"2625 Hartland Cir, Westlake Village, CA 91361","91361","Westlake Village","CA","849000","2","2","1149","738.9","6098","sqft","12/9/2021","1639036800000","https://zillow.com/homedetails/2625-Hartland-Cir-Westlake-Village-CA-91361/16490106_zpid/","34.151367","-118.828","TOWNHOUSE","925700","3808","https://photos.zillowstatic.com/fp/4abf652206b193a73982ca62aeda0f10-p_e.jpg"
"1593 Brentford Ave, Westlake Village, CA 91361","91361","Westlake Village","CA","1155000","4","2","1750","660","6928","sqft","12/2/2021","1638432000000","https://zillow.com/homedetails/1593-Brentford-Ave-Westlake-Village-CA-91361/16491187_zpid/","34.145046","-118.846954","SINGLE_FAMILY","1432900","5349","https://photos.zillowstatic.com/fp/4d0a1dba0f836f77d43a7760af3a33d7-p_e.jpg"
"1163 Brightglen Cir, Westlake Village, CA 91361","91361","Westlake Village","CA","300000","2","2","1149","261.1","6098","sqft","12/1/2021","1638345600000","https://zillow.com/homedetails/1163-Brightglen-Cir-Westlake-Village-CA-91361/16490130_zpid/","34.149563","-118.82585","TOWNHOUSE","817400","3830","https://photos.zillowstatic.com/fp/07cf2446670515ee9aef8fd1e29acd95-p_e.jpg"
"250 Green Heath Pl, Thousand Oaks, CA 91361","91361","Thousand Oaks","CA","560000","2","2","1199","467.06","4356","sqft","11/19/2021","1637308800000","https://zillow.com/homedetails/250-Green-Heath-Pl-Thousand-Oaks-CA-91361/16484680_zpid/","34.17433","-118.881744","TOWNHOUSE","652500","3602","https://photos.zillowstatic.com/fp/e7a2a567482192beab20a3e39a50e472-p_e.jpg"
"248 Green Lea Pl, Thousand Oaks, CA 91361","91361","Thousand Oaks","CA","610350","3","3","1418","430.43","4356","sqft","10/26/2021","1635231600000","https://zillow.com/homedetails/248-Green-Lea-Pl-Thousand-Oaks-CA-91361/16484522_zpid/","34.173786","-118.87988","TOWNHOUSE","710900","3684","https://photos.zillowstatic.com/fp/cd99fd2caf2ce4cd26a69a14991b1c20-p_e.jpg"
"4501 Yorkfield Ct, Westlake Village, CA 91361","91361","Westlake Village","CA","1050000","2","2","1685","623.15","8217","sqft","10/26/2021","1635231600000","https://zillow.com/homedetails/4501-Yorkfield-Ct-Westlake-Village-CA-91361/19892757_zpid/","34.14685","-118.81257","SINGLE_FAMILY","1340500","5193","https://maps.googleapis.com/maps/api/staticmap?mobile=false&sensor=true&maptype=satellite&size=575x242&zoom=17&center=34.1468505859375,-118.81256866455078&key=AIzaSyBJsNQO5ZeG-XAbqqWLKwG08fWITSxg33w&signature=W5PWp9P9UfDlNVuHYdDGv-OAgqI="
"31861 Village Brook Rd, Westlake Village, CA 91361","91361","Westlake Village","CA","1050000","4","2","1737","604.49","7800","sqft","10/25/2021","1635145200000","https://zillow.com/homedetails/31861-Village-Brook-Rd-Westlake-Village-CA-91361/19893239_zpid/","34.141685","-118.818085","SINGLE_FAMILY","1474300","6483","https://photos.zillowstatic.com/fp/cdb4ebf6c8af9640be88d28a69070f97-p_e.jpg"
"2251 Portola Ln, Westlake Village, CA 91361","91361","Westlake Village","CA","800000","3","2","1500","533.33","6534","sqft","10/6/2021","1633503600000","https://zillow.com/homedetails/2251-Portola-Ln-Westlake-Village-CA-91361/16492937_zpid/","34.145954","-118.83656","TOWNHOUSE","969500","4812","https://photos.zillowstatic.com/fp/0140f2df7c725ce35fad4b29fba5a38e-p_e.jpg"
"460 S Skyline Dr, Thousand Oaks, CA 91361","91361","Thousand Oaks","CA","875000","2","2","1176","744.05","0.3443526170798898","acres","10/1/2021","1633071600000","https://zillow.com/homedetails/460-S-Skyline-Dr-Thousand-Oaks-CA-91361/16481237_zpid/","34.165035","-118.84722","SINGLE_FAMILY","1101300","4137","https://photos.zillowstatic.com/fp/0020ea36efd04e6f0da595a839ba488e-p_e.jpg"
"1118 Brightglen Cir, Westlake Village, CA 91361","91361","Westlake Village","CA","675000","2","2","1149","587.47","6098","sqft","9/27/2021","1632726000000","https://zillow.com/homedetails/1118-Brightglen-Cir-Westlake-Village-CA-91361/16490146_zpid/","34.150177","-118.82548","TOWNHOUSE","841900","3651","https://photos.zillowstatic.com/fp/110e2bb80f4b4c5f7e47cb4632c0d952-p_e.jpg"
"1473 Thornhill Ave, Westlake Village, CA 91361","91361","Westlake Village","CA","1275000","3","2","1522","837.71","0.3","acres","9/21/2021","1632207600000","https://zillow.com/homedetails/1473-Thornhill-Ave-Westlake-Village-CA-91361/16491696_zpid/","34.148647","-118.851944","SINGLE_FAMILY","1529500","5402","https://photos.zillowstatic.com/fp/070e44bf5420e9d57fcccc07ac613766-p_e.jpg"
"2010 Dewberry Ct, Westlake Village, CA 91361","91361","Westlake Village","CA","1150000","3","2","1420","809.86","7689","sqft","9/21/2021","1632207600000","https://zillow.com/homedetails/2010-Dewberry-Ct-Westlake-Village-CA-91361/16492040_zpid/","34.15191","-118.84005","SINGLE_FAMILY","1268000","5482","https://photos.zillowstatic.com/fp/a6d2f05d77c7a44a55d288563456ff7a-p_e.jpg"
"4510 Coolhaven Ct, Westlake Village, CA 91361","91361","Westlake Village","CA","1418000","3","2","1737","816.35","8653","sqft","9/10/2021","1631257200000","https://zillow.com/homedetails/4510-Coolhaven-Ct-Westlake-Village-CA-91361/19892789_zpid/","34.14707","-118.81715","SINGLE_FAMILY","1650000","5786","https://photos.zillowstatic.com/fp/78b6910971e5fefbd196911c0943e964-p_e.jpg"
"1177 Landsburn Cir, Westlake Village, CA 91361","91361","Westlake Village","CA","589000","3","2","1020","577.45","3049","sqft","9/9/2021","1631170800000","https://zillow.com/homedetails/1177-Landsburn-Cir-Westlake-Village-CA-91361/16490375_zpid/","34.147945","-118.82365","TOWNHOUSE","731500","3808","https://photos.zillowstatic.com/fp/fab273f1c8486de953d35635d17a47f4-p_e.jpg"
"2042 Dewberry Ct, Westlake Village, CA 91361","91361","Westlake Village","CA","314000","4","2","1550","202.58","0.28999081726354453","acres","9/9/2021","1631170800000","https://zillow.com/homedetails/2042-Dewberry-Ct-Westlake-Village-CA-91361/16492035_zpid/","34.152203","-118.83947","SINGLE_FAMILY","1162800","5969","https://photos.zillowstatic.com/fp/7720b40d61b31815a011c38fe2b0c94f-p_e.jpg"
"291 Green Moor Pl, Thousand Oaks, CA 91361","91361","Thousand Oaks","CA","570000","3","3","1356","420.35","4356","sqft","9/8/2021","1631084400000","https://zillow.com/homedetails/291-Green-Moor-Pl-Thousand-Oaks-CA-91361/16484550_zpid/","34.173004","-118.88107","TOWNHOUSE","673500","3214","https://photos.zillowstatic.com/fp/b7e2b353afd31329eb2b6d6c81709a1e-p_e.jpg"